Workbook

Sheet Dashboard
B2: DASHBOARD KASIR SEKOLAH
B4: Total Penjualan Hari Ini: | C4: =SUMIFS(Penjualan!F:F, Penjualan!B:B, TODAY()) -> 60000
B5: Total Transaksi Hari Ini: | C5: =COUNTIFS(Penjualan!B:B, TODAY()) -> 1
B6: Total Keuntungan Hari Ini: | C6: =SUMIFS(Penjualan!K:K, Penjualan!B:B, TODAY()) -> 15000
B7: Total Piutang Berjalan: | C7: =SUMIFS(Piutang!G:G, Piutang!H:H, "Belum Lunas") -> 60000
B9: Barang Stok Menipis: | C9: =COUNTIF(Data_Barang!L:L, "STOK MENIPIS") -> 0

Sheet Pengaturan
A1: Kategori Barang | B1: Metode Pembayaran | C1: Kelas | D1: Status
A2: Makanan | B2: Tunai | C2: 1A | D2: Aktif
A3: Minuman | B3: Transfer | C3: 1B | D3: Nonaktif
A4: Alat Tulis | B4: QRIS | C4: 2A | D4: Lunas
A5: Seragam | B5: Piutang | C5: 2B | D5: Belum Lunas
A6: Buku | C6: 3A | D6: Sebagian
A7: Lain-lain | C7: 3B

Sheet Data_Anak
A1: ID_Anak | B1: NIS | C1: Nama_Anak | D1: Kelas | E1: Nama_Wali | F1: WA | G1: Alamat | H1: Status_Aktif
A2: A-001 | B2: 1001 | C2: Budi Santoso | D2: 1A | E2: Agus Santoso | F2: 08123456701 | G2: Jl. Merdeka 1 | H2: Aktif
A3: A-002 | B3: 1002 | C3: Siti Aminah | D3: 1B | E3: Ahmad | F3: 08123456702 | G3: Jl. Sudirman 2 | H3: Aktif
A4: A-003 | B4: 1003 | C4: Andi Wijaya | D4: 2A | E4: Budi W | F4: 08123456703 | G4: Jl. Mawar 3 | H4: Aktif
A5: A-004 | B5: 1004 | C5: Rina Melati | D5: 2B | E5: Hasan | F5: 08123456704 | G5: Jl. Melati 4 | H5: Aktif
A6: A-005 | B6: 1005 | C6: Dika Pratama | D6: 3A | E6: Joko | F6: 08123456705 | G6: Jl. Anggrek 5 | H6: Aktif
A7: A-006 | B7: 1006 | C7: Nisa Kamil | D7: 3B | E7: Kamil | F7: 08123456706 | G7: Jl. Kenanga 6 | H7: Aktif
A8: A-007 | B8: 1007 | C8: Fajar Siddiq | D8: 1A | E8: Siddiq | F8: 08123456707 | G8: Jl. Kamboja 7 | H8: Aktif
A9: A-008 | B9: 1008 | C9: Lestari | D9: 1B | E9: Parno | F9: 08123456708 | G9: Jl. Dahlia 8 | H9: Aktif
A10: A-009 | B10: 1009 | C10: Reza Rahadian | D10: 2A | E10: Rahman | F10: 08123456709 | G10: Jl. Flamboyan 9 | H10: Aktif
A11: A-010 | B11: 1010 | C11: Ayu Ting | D11: 2B | E11: Ting | F11: 08123456710 | G11: Jl. Teratai 10 | H11: Aktif

Sheet Data_Barang
A1: Kode_Barang | B1: Nama_Barang | C1: Kategori | D1: Satuan | E1: Harga_Modal | F1: Harga_Jual | G1: Stok_Awal | H1: Barang_Masuk | I1: Barang_Terjual | J1: Sisa_Stok | K1: Min_Stok | L1: Status
A2: B-001 | B2: Buku Tulis Sinar | C2: Alat Tulis | D2: Pcs | E2: 3000 | F2: 4000 | G2: 50 | H2: =SUMIFS(Barang_Masuk!F:F, Barang_Masuk!D:D, A2) -> 50 | I2: =SUMIFS(Detail_Penjualan!C:C, Detail_Penjualan!B:B, A2) -> 2 | J2: =G2+H2-I2 -> 98 | K2: 10 | L2: =IF(J2<=K2, "STOK MENIPIS", "Aman") -> Aman
A3: B-002 | B3: Pensil 2B | C3: Alat Tulis | D3: Pcs | E3: 1000 | F3: 2000 | G3: 100 | H3: =SUMIFS(Barang_Masuk!F:F, Barang_Masuk!D:D, A3) -> 100 | I3: =SUMIFS(Detail_Penjualan!C:C, Detail_Penjualan!B:B, A3) -> 0 | J3: =G3+H3-I3 -> 200 | K3: 20 | L3: =IF(J3<=K3, "STOK MENIPIS", "Aman") -> Aman
A4: B-003 | B4: Penghapus | C4: Alat Tulis | D4: Pcs | E4: 500 | F4: 1000 | G4: 50 | H4: =SUMIFS(Barang_Masuk!F:F, Barang_Masuk!D:D, A4) -> 0 | I4: =SUMIFS(Detail_Penjualan!C:C, Detail_Penjualan!B:B, A4) -> 0 | J4: =G4+H4-I4 -> 50 | K4: 10 | L4: =IF(J4<=K4, "STOK MENIPIS", "Aman") -> Aman
A5: B-004 | B5: Penggaris 30cm | C5: Alat Tulis | D5: Pcs | E5: 1500 | F5: 2500 | G5: 30 | H5: =SUMIFS(Barang_Masuk!F:F, Barang_Masuk!D:D, A5) -> 0 | I5: =SUMIFS(Detail_Penjualan!C:C, Detail_Penjualan!B:B, A5) -> 0 | J5: =G5+H5-I5 -> 30 | K5: 5 | L5: =IF(J5<=K5, "STOK MENIPIS", "Aman") -> Aman
A6: B-005 | B6: Air Mineral 600ml | C6: Minuman | D6: Botol | E6: 2500 | F6: 3500 | G6: 100 | H6: =SUMIFS(Barang_Masuk!F:F, Barang_Masuk!D:D, A6) -> 0 | I6: =SUMIFS(Detail_Penjualan!C:C, Detail_Penjualan!B:B, A6) -> 1 | J6: =G6+H6-I6 -> 99 | K6: 20 | L6: =IF(J6<=K6, "STOK MENIPIS", "Aman") -> Aman
A7: B-006 | B7: Susu Coklat | C7: Minuman | D7: Kotak | E7: 3500 | F7: 5000 | G7: 50 | H7: =SUMIFS(Barang_Masuk!F:F, Barang_Masuk!D:D, A7) -> 0 | I7: =SUMIFS(Detail_Penjualan!C:C, Detail_Penjualan!B:B, A7) -> 0 | J7: =G7+H7-I7 -> 50 | K7: 10 | L7: =IF(J7<=K7, "STOK MENIPIS", "Aman") -> Aman
A8: B-007 | B8: Roti Coklat | C8: Makanan | D8: Bungkus | E8: 2000 | F8: 3000 | G8: 40 | H8: =SUMIFS(Barang_Masuk!F:F, Barang_Masuk!D:D, A8) -> 0 | I8: =SUMIFS(Detail_Penjualan!C:C, Detail_Penjualan!B:B, A8) -> 0 | J8: =G8+H8-I8 -> 40 | K8: 10 | L8: =IF(J8<=K8, "STOK MENIPIS", "Aman") -> Aman
A9: B-008 | B9: Biskuit | C9: Makanan | D9: Bungkus | E9: 1500 | F9: 2500 | G9: 60 | H9: =SUMIFS(Barang_Masuk!F:F, Barang_Masuk!D:D, A9) -> 0 | I9: =SUMIFS(Detail_Penjualan!C:C, Detail_Penjualan!B:B, A9) -> 0 | J9: =G9+H9-I9 -> 60 | K9: 15 | L9: =IF(J9<=K9, "STOK MENIPIS", "Aman") -> Aman
A10: B-009 | B10: Nasi Kuning | C10: Makanan | D10: Bungkus | E10: 5000 | F10: 7000 | G10: 20 | H10: =SUMIFS(Barang_Masuk!F:F, Barang_Masuk!D:D, A10) -> 0 | I10: =SUMIFS(Detail_Penjualan!C:C, Detail_Penjualan!B:B, A10) -> 0 | J10: =G10+H10-I10 -> 20 | K10: 5 | L10: =IF(J10<=K10, "STOK MENIPIS", "Aman") -> Aman
A11: B-010 | B11: Seragam SD Putih | C11: Seragam | D11: Pcs | E11: 45000 | F11: 60000 | G11: 20 | H11: =SUMIFS(Barang_Masuk!F:F, Barang_Masuk!D:D, A11) -> 0 | I11: =SUMIFS(Detail_Penjualan!C:C, Detail_Penjualan!B:B, A11) -> 1 | J11: =G11+H11-I11 -> 19 | K11: 5 | L11: =IF(J11<=K11, "STOK MENIPIS", "Aman") -> Aman
A12: B-011 | B12: Seragam SD Merah | C12: Seragam | D12: Pcs | E12: 45000 | F12: 60000 | G12: 20 | H12: =SUMIFS(Barang_Masuk!F:F, Barang_Masuk!D:D, A12) -> 0 | I12: =SUMIFS(Detail_Penjualan!C:C, Detail_Penjualan!B:B, A12) -> 0 | J12: =G12+H12-I12 -> 20 | K12: 5 | L12: =IF(J12<=K12, "STOK MENIPIS", "Aman") -> Aman
A13: B-012 | B13: Dasi SD | C13: Seragam | D13: Pcs | E13: 5000 | F13: 10000 | G13: 30 | H13: =SUMIFS(Barang_Masuk!F:F, Barang_Masuk!D:D, A13) -> 0 | I13: =SUMIFS(Detail_Penjualan!C:C, Detail_Penjualan!B:B, A13) -> 0 | J13: =G13+H13-I13 -> 30 | K13: 10 | L13: =IF(J13<=K13, "STOK MENIPIS", "Aman") -> Aman
... A16: B-015 | B16: Spidol Hitam | C16: Alat Tulis | D16: Pcs | E16: 6000 | F16: 8500 | G16: 25 | H16: =SUMIFS(Barang_Masuk!F:F, Barang_Masuk!D:D, A16) -> 0 | I16: =SUMIFS(Detail_Penjualan!C:C, Detail_Penjualan!B:B, A16) -> 0 | J16: =G16+H16-I16 -> 25 | K16: 5 | L16: =IF(J16<=K16, "STOK MENIPIS", "Aman") -> Aman

Sheet Barang_Masuk
A1: No_Pembelian | B1: Tanggal | C1: Supplier | D1: Kode_Barang | E1: Nama_Barang | F1: Jumlah | G1: Harga_Modal | H1: Total | I1: Keterangan
A2: IN-001 | B2: 2026-09-01 | C2: Toko ATK | D2: B-001 | E2: {=XLOOKUP(D2,Data_Barang!A:A,Data_Barang!B:B,"")} -> Buku Tulis Sinar | F2: 50 | G2: {=XLOOKUP(D2,Data_Barang!A:A,Data_Barang!E:E,0)} -> 3,000 | H2: =F2*G2 -> 150000 | I2: Stok Bulanan
A3: IN-002 | B3: 2026-09-01 | C3: Toko ATK | D3: B-002 | E3: {=XLOOKUP(D3,Data_Barang!A:A,Data_Barang!B:B,"")} -> Pensil 2B | F3: 100 | G3: {=XLOOKUP(D3,Data_Barang!A:A,Data_Barang!E:E,0)} -> 1000 | H3: =F3*G3 -> 100000 | I3: Stok Bulanan

Sheet Penjualan
A1: No_Transaksi | B1: Tanggal | C1: ID_Anak | D1: Nama_Anak | E1: Total_Item | F1: Total_Belanja | G1: Metode_Bayar | H1: Nominal_Bayar | I1: Kembalian_Piutang | J1: Status | K1: Keuntungan_Trx
A2: TRX-20260901-001 | B2: 2026-09-01 | C2: A-001 | D2: {=XLOOKUP(C2,Data_Anak!A:A,Data_Anak!C:C,"")} -> Budi Santoso | E2: =SUMIFS(Detail_Penjualan!C:C,Detail_Penjualan!A:A,A2) -> 3 | F2: =SUMIFS(Detail_Penjualan!F:F,Detail_Penjualan!A:A,A2) -> 11500 | G2: Tunai | H2: 15000 | I2: =H2-F2 -> 3,500 | J2: =IF(G2="Piutang","Belum Lunas","Lunas") -> Lunas | K2: =SUMIFS(Detail_Penjualan!H:H,Detail_Penjualan!A:A,A2) -> 3000
A3: TRX-20260902-002 | B3: 2026-09-02 | C3: A-002 | D3: {=XLOOKUP(C3,Data_Anak!A:A,Data_Anak!C:C,"")} -> Siti Aminah | E3: =SUMIFS(Detail_Penjualan!C:C,Detail_Penjualan!A:A,A3) -> 1 | F3: =SUMIFS(Detail_Penjualan!F:F,Detail_Penjualan!A:A,A3) -> 60000 | G3: Piutang | H3: 0 | I3: =H3-F3 -> -60000 | J3: =IF(G3="Piutang","Belum Lunas","Lunas") -> Belum Lunas | K3: =SUMIFS(Detail_Penjualan!H:H,Detail_Penjualan!A:A,A3) -> 15000

Sheet Detail_Penjualan
A1: No_Transaksi | B1: Kode_Barang | C1: Qty | D1: Harga_Jual | E1: Harga_Modal | F1: Subtotal | G1: Nama_Barang | H1: Keuntungan
A2: TRX-20260901-001 | B2: B-001 | C2: 2 | D2: {=XLOOKUP(B2,Data_Barang!A:A,Data_Barang!F:F,0)} -> 4,000 | E2: {=XLOOKUP(B2,Data_Barang!A:A,Data_Barang!E:E,0)} -> 3,000 | F2: =C2*D2 -> 8000 | G2: {=XLOOKUP(B2,Data_Barang!A:A,Data_Barang!B:B,"")} -> Buku Tulis Sinar | H2: =(D2-E2)*C2 -> 2000
A3: TRX-20260901-001 | B3: B-005 | C3: 1 | D3: {=XLOOKUP(B3,Data_Barang!A:A,Data_Barang!F:F,0)} -> 3,500 | E3: {=XLOOKUP(B3,Data_Barang!A:A,Data_Barang!E:E,0)} -> 2,500 | F3: =C3*D3 -> 3500 | G3: {=XLOOKUP(B3,Data_Barang!A:A,Data_Barang!B:B,"")} -> Air Mineral 600ml | H3: =(D3-E3)*C3 -> 1000
A4: TRX-20260902-002 | B4: B-010 | C4: 1 | D4: {=XLOOKUP(B4,Data_Barang!A:A,Data_Barang!F:F,0)} -> 60,000 | E4: {=XLOOKUP(B4,Data_Barang!A:A,Data_Barang!E:E,0)} -> 45,000 | F4: =C4*D4 -> 60000 | G4: {=XLOOKUP(B4,Data_Barang!A:A,Data_Barang!B:B,"")} -> Seragam SD Putih | H4: =(D4-E4)*C4 -> 15000

Sheet Piutang
A1: No_Transaksi | B1: Tgl_Transaksi | C1: ID_Anak | D1: Nama_Anak | E1: Total_Hutang | F1: Sudah_Dibayar | G1: Sisa_Hutang | H1: Status
A2: TRX-20260902-002 | B2: {=XLOOKUP(A2,Penjualan!A:A,Penjualan!B:B,"")} -> 2026-09-02 | C2: {=XLOOKUP(A2,Penjualan!A:A,Penjualan!C:C,"")} -> A-002 | D2: {=XLOOKUP(C2,Data_Anak!A:A,Data_Anak!C:C,"")} -> Siti Aminah | E2: {=XLOOKUP(A2,Penjualan!A:A,Penjualan!F:F,0)} -> 60000 | F2: =SUMIFS(Pembayaran_Piutang!C:C,Pembayaran_Piutang!A:A,A2) -> 0 | G2: =E2-F2 -> 60000 | H2: =IF(G2<=0, "Lunas", IF(F2>0, "Sebagian", "Belum Lunas")) -> Belum Lunas

Sheet Pembayaran_Piutang
A1: No_Transaksi | B1: Tanggal_Bayar | C1: Nominal | D1: Keterangan

Sheet Kasir
B2: APLIKASI KASIR SEKOLAH
B4: No Transaksi: | C4: ="TRX-"&TEXT(TODAY(),"YYYYMMDD")&"-"&TEXT(COUNTA(Penjualan!A:A),"000") -> TRX-20260902-003
B5: Tanggal: | C5: =TODAY() -> 9/2/2026
B6: ID Anak (Pilih): | C6: A-001
B7: Nama Anak: | C7: {=IFERROR(XLOOKUP(C6,Data_Anak!A:A,Data_Anak!C:C,""),"")} -> Budi Santoso
B8: Kelas: | C8: {=IFERROR(XLOOKUP(C6,Data_Anak!A:A,Data_Anak!D:D,""),"")} -> 1A
B10: Kode Barang | C10: Nama Barang | D10: Qty | E10: Harga | F10: Subtotal
B11: B-001 | C11: {=IFERROR(XLOOKUP(B11,Data_Barang!A:A,Data_Barang!B:B,""),"")} -> Buku Tulis Sinar | D11: 1 | E11: {=IFERROR(XLOOKUP(B11,Data_Barang!A:A,Data_Barang!F:F,0),0)} -> 4000 | F11: =IF(B11="","", D11*E11) -> 4000
C12: {=IFERROR(XLOOKUP(B12,Data_Barang!A:A,Data_Barang!B:B,""),"")} | E12: {=IFERROR(XLOOKUP(B12,Data_Barang!A:A,Data_Barang!F:F,0),0)} -> 0 | F12: =IF(B12="","", D12*E12)
C13: {=IFERROR(XLOOKUP(B13,Data_Barang!A:A,Data_Barang!B:B,""),"")} | E13: {=IFERROR(XLOOKUP(B13,Data_Barang!A:A,Data_Barang!F:F,0),0)} -> 0 | F13: =IF(B13="","", D13*E13)
C14: {=IFERROR(XLOOKUP(B14,Data_Barang!A:A,Data_Barang!B:B,""),"")} | E14: {=IFERROR(XLOOKUP(B14,Data_Barang!A:A,Data_Barang!F:F,0),0)} -> 0 | F14: =IF(B14="","", D14*E14)
C15: {=IFERROR(XLOOKUP(B15,Data_Barang!A:A,Data_Barang!B:B,""),"")} | E15: {=IFERROR(XLOOKUP(B15,Data_Barang!A:A,Data_Barang!F:F,0),0)} -> 0 | F15: =IF(B15="","", D15*E15)
C16: {=IFERROR(XLOOKUP(B16,Data_Barang!A:A,Data_Barang!B:B,""),"")} | E16: {=IFERROR(XLOOKUP(B16,Data_Barang!A:A,Data_Barang!F:F,0),0)} -> 0 | F16: =IF(B16="","", D16*E16)
C17: {=IFERROR(XLOOKUP(B17,Data_Barang!A:A,Data_Barang!B:B,""),"")} | E17: {=IFERROR(XLOOKUP(B17,Data_Barang!A:A,Data_Barang!F:F,0),0)} -> 0 | F17: =IF(B17="","", D17*E17)
C18: {=IFERROR(XLOOKUP(B18,Data_Barang!A:A,Data_Barang!B:B,""),"")} | E18: {=IFERROR(XLOOKUP(B18,Data_Barang!A:A,Data_Barang!F:F,0),0)} -> 0 | F18: =IF(B18="","", D18*E18)
C19: {=IFERROR(XLOOKUP(B19,Data_Barang!A:A,Data_Barang!B:B,""),"")} | E19: {=IFERROR(XLOOKUP(B19,Data_Barang!A:A,Data_Barang!F:F,0),0)} -> 0 | F19: =IF(B19="","", D19*E19)
C20: {=IFERROR(XLOOKUP(B20,Data_Barang!A:A,Data_Barang!B:B,""),"")} | E20: {=IFERROR(XLOOKUP(B20,Data_Barang!A:A,Data_Barang!F:F,0),0)} -> 0 | F20: =IF(B20="","", D20*E20)
E22: Total Belanja: | F22: =SUM(F11:F20) -> 4000
E23: Metode Bayar: | F23: Tunai
E24: Nominal Bayar: | F24: 10000
E25: Kembalian/Sisa: | F25: =F24-F22 -> 6000

Sheet Kwitansi
B2: KWITANSI PEMBAYARAN
B4: No Transaksi: | C4: TRX-20260901-001
B5: Tanggal: | C5: {=IFERROR(XLOOKUP(C4,Penjualan!A:A,Penjualan!B:B,""),"")} -> 2026-09-01
B6: Nama Anak: | C6: {=IFERROR(XLOOKUP(C4,Penjualan!A:A,Penjualan!D:D,""),"")} -> Budi Santoso
B8: Barang | C8: Qty | D8: Harga | E8: Subtotal
B9: {=IFERROR(INDEX(Detail_Penjualan!G:G, MATCH(1, (Detail_Penjualan!A:A=$C$4)*(COUNTIF($B$8:B8, Detail_Penjualan!G:G)=0), 0)), "")} -> Buku Tulis Sinar
B10: {=IFERROR(INDEX(Detail_Penjualan!G:G, MATCH(1, (Detail_Penjualan!A:A=$C$4)*(COUNTIF($B$8:B9, Detail_Penjualan!G:G)=0), 0)), "")} -> Air Mineral 600ml
B11: {=IFERROR(INDEX(Detail_Penjualan!G:G, MATCH(1, (Detail_Penjualan!A:A=$C$4)*(COUNTIF($B$8:B10, Detail_Penjualan!G:G)=0), 0)), "")}
B12: {=IFERROR(INDEX(Detail_Penjualan!G:G, MATCH(1, (Detail_Penjualan!A:A=$C$4)*(COUNTIF($B$8:B11, Detail_Penjualan!G:G)=0), 0)), "")}
B13: {=IFERROR(INDEX(Detail_Penjualan!G:G, MATCH(1, (Detail_Penjualan!A:A=$C$4)*(COUNTIF($B$8:B12, Detail_Penjualan!G:G)=0), 0)), "")}
D15: Total: | E15: {=IFERROR(XLOOKUP(C4,Penjualan!A:A,Penjualan!F:F,0),0)} -> 11500
D16: Bayar: | E16: {=IFERROR(XLOOKUP(C4,Penjualan!A:A,Penjualan!H:H,0),0)} -> 15000
D17: Kembalian: | E17: {=IFERROR(XLOOKUP(C4,Penjualan!A:A,Penjualan!I:I,0),0)} -> 3500
